,date,information,related
0,2022-09-28,"Headline: Constellation Joins State and Federal Officials to Celebrate Progress on Nation's First Nuclear-Powered Clean Hydrogen Facility, source:Finnhub, summary: The Nine Mile Point hydrogen production project will demonstrate the value of combining the most abundant element in the universe with nuclear energy to address the climate crisis... | September 28, 2022, Headline: Constellation Joins State and Federal Officials to Celebrate Progress on Nation’s First Nuclear-Powered Clean Hydrogen Facility, source:Yahoo, summary: OSWEGO, N.Y., September 28, 2022--U.S. DOE, NYSERDA and the New York State PSC joined Constellation to celebrate the nation’s first nuclear-powered clean hydrogen production facility.",CEG
1,2022-09-30,"Headline: The 5 Best—and 5 Worst—Stocks in the Nasdaq This Quarter, source:MarketWatch, summary: Constellation Energy was the best performer in the Nasdaq 100 for the third quarter. Okta was the worst., Headline: How fast utilities recover from hurricanes like Ian can tell you which of their stocks is best, source:MarketWatch, summary: For a fund manager focused on utility stocks, how these highly-regulated companies prep for and react to storms like the powerful Ian can be a valuable test.",CEG
2,2022-10-03,"Headline: Constellation Energy initiated with an Outperform at Credit Suisse, source:Thefly.com, summary: Credit Suisse analyst Nic... CEG",CEG
3,2022-10-04,"Headline: Goldman Sachs Sticks to Their Buy Rating for Constellation Energy Corporation (CEG), source:TipRanks, summary: In a report released today, Michael Lapides from Goldman Sachs maintained a Buy rating on Constellation Energy Corporation (CEG &#8211; Research Report), with a pri...",CEG
4,2022-10-06,"Headline: Top 5 3rd Quarter Trades of Ve - GuruFocus.com, source:GuruFocus, summary: GuruFocus Article or News written by insider and the topic is about: ",CEG
5,2022-10-11,"Headline: Jim Cramer goes over the best and worst Q3 performers in the S&P 500, source:CNBC, summary: Cramer said he wouldn't touch this stock with a 10-foot pole.",CEG
6,2022-10-16,"Headline: Funds Added To CEG Positions, source:Preferred Stock Channel, summary: Staff article entitled Funds Added To CEG Positions, about stock options, from Holdings Channel.",CEG
7,2022-10-19,"Headline: Constellation Appoints Nneka L. Rimmer to Its Board of Directors, source:Yahoo, summary: BALTIMORE, October 19, 2022--Constellation announced today the election of Nneka L. Rimmer to its Board of Directors effective Nov. 1, 2022.",CEG
8,2022-10-20,"Headline: Constellation Energy price target raised to $97 from $87 at KeyBanc, source:Thefly.com, summary: No summary, Headline: Constellation Energy: Doing All The Right Things, Earnings Ahead, source:SeekingAlpha, summary: Constellation Energy sports one of the best gains within the S&P 500 since late July. Click here to read my analysis why I think the CEG stock is a buy., Headline: Constellation Energy adds another former McCormick executive to board of directors, source:Yahoo, summary: Nneka Rimmer most recently was president of global flavors and extracts for Hunt Valley-based McCormick., Headline: Constellation Energy Is A Buy As Its Cleared Volumes Will Increase, source:SeekingAlpha, summary: Constellation Energyâs cleared volumes will increase in the following quarters. Click here to see CEG's growth catalysts and why I consider the stock a buy now.",CEG
9,2022-10-21,"Headline: Analysts Offer Insights on Utilities Companies: Sempra Energy (SRE) and Constellation Energy Corporation (CEG), source:TipRanks, summary: No summary",CEG
10,2022-10-24,"Headline: Cramer's lightning round: I can't recommend Icahn Enterprises, source:CNBC, summary: ""Mad Money"" host Jim Cramer rings the lightning round bell, which means he's giving his answers to callers' stock questions at rapid speed., Headline: Artemis Investment Management LLP Buys 4, Sells 1 in 3rd Quarter, source:GuruFocus, summary: No summary, Headline: Artemis Investment Management  - GuruFocus.com, source:GuruFocus, summary: GuruFocus Article or News written by insider and the topic is about: ",CEG
11,2022-10-30,"Headline: Constellation Energy declares $0.141 dividend, source:Seeking Alpha, summary: No summary",CEG
12,2022-10-31,"Headline: Constellation to seek license extensions for two Illinois nuclear plants, source:Seeking Alpha, summary: No summary, Headline: Constellation to Seek License Extensions for Two of its Zero-Carbon Nuclear Plants in Illinois, source:Yahoo, summary: WARRENVILLE, Ill., October 31, 2022--Constellation, the nation’s largest producer of carbon-free energy, said today it will ask the Nuclear Regulatory Commission (NRC) to extend the operating licenses of its Clinton and Dresden nuclear power plants in Illinois by an additional 20 years. The extension means the two plants will contribute billions of additional dollars to Illinois’ economy and continue providing enough carbon-free energy to power the equivalent of more than 2 million homes, helpin, Headline: Constellation Energy Corporation Declares Dividend, source:Yahoo, summary: BALTIMORE, Md., October 31, 2022--The Board of Directors of Constellation Energy Corporation (Nasdaq: CEG) declared a quarterly dividend of $0.141 per share on Constellation’s common stock. The dividend is payable on Friday, Dec. 9, 2022, to shareholders of record as of 5 p.m. Eastern time on Tuesday, Nov. 15, 2022., Headline: ClearBridge Value Equity Strategy Q3 2022 Portfolio Manager Commentary, source:SeekingAlpha, summary: The ClearBridge Value Equity Strategy outperformed its Russell 1000 Value Index during the third quarter 2022. Click here to read the full fund letter., Headline: ClearBridge All Cap Value Strategy Q3 2022 Portfolio Manager Commentary, source:SeekingAlpha, summary: The ClearBridge All Cap Value Strategy outperformed its Russell 3000 Value Index during the third quarter 2022. Click here to read the full fund letter.",CEG
13,2022-11-01,"Headline: ClearBridge Global Infrastructure Income Strategy Q3 2022 Portfolio Manager Commentary, source:SeekingAlpha, summary: The ClearBridge Global Infrastructure Income Strategy underperformed during the third quarter 2022. Click here to read the full fund letter., Headline: ClearBridge Global Infrastructure Value Strategy Q3 2022 Portfolio Manager Commentary, source:SeekingAlpha, summary: The ClearBridge Global Infrastructure Value Strategy outperformed during the third quarter 2022. Click here to read the full fund letter., Headline: Best and Worst Performing Stocks Since Rate Hikes Began, source:TalkMarkets, summary: No summary",CEG
14,2022-11-02,"Headline: Exelon CEO Chris Crane Announces Retirement at End of Year; Exelon Board Names Calvin Butler to Succeed Crane as Exelon CEO, source:Business Wire, summary: No summary, Headline: Costello Asset Management, INC - GuruFocus.com, source:GuruFocus, summary: GuruFocus Article or News written by insider and the topic is about: , Headline: Costello Asset Management, INC Buys 3, Sells 2 in 3rd Quarter, source:GuruFocus, summary: No summary",CEG
15,2022-11-04,"Headline: Money-Market Funds Are Back. But There Are Now Other Options for Your Cash. , source:MarketWatch, summary: Beyond bank accounts and money market funds, investors have more and higher-yielding alternatives, from ultrashort ETFs to Treasury I bonds., Headline: 2 Utility Stocks to Consider Buying, source:TalkMarkets, summary: No summary",CEG
16,2022-11-06,"Headline: Constellation Energy Q3 2022 Earnings Preview, source:Seeking Alpha, summary: No summary",CEG
17,2022-11-07,"Headline: Notable earnings before Tuesday`s open, source:Seeking Alpha, summary: No summary, Headline: Constellation Energy Expected to Log Lower 3Q Revenue -- Earnings Preview, source:MarketWatch, summary: By Dean Seal Constellation Energy Corp., the power generation and competitive energy business that separated from Exelon Corp. earlier this year, is...",CEG
18,2022-11-08,"Headline: Constellation Energy reports Q3 GAAP EPS (57c), consensus 71c, source:Thefly.com, summary: No summary, Headline: Constellation Energy narrows FY22 adj EBITDA to $2.45B-$2.65B from $2.35B-$2.75B, source:Thefly.com, summary: No summary, Headline: Constellation Energy reports mixed Q3 earnings; narrows FY22 guidance, source:Seeking Alpha, summary: No summary, Headline: Constellation Energy Swings to 3Q Loss -- Earnings Review, source:MarketWatch, summary: By Dean Seal Constellation Energy Corp., the power-generation and competitive energy business that separated from Exelon Corp. earlier this year, reported..., Headline: Constellation Reports Third Quarter 2022 Results, source:Yahoo, summary: BALTIMORE, November 08, 2022--Constellation Energy Corporation today reported its financial results for the third quarter of 2022., Headline: NEW YORK MARKET CLOSE: Stocks make gains on election day, source:Alliance News, summary: No summary, Headline: Constellation Energy Corporation (CEG) Q3 2022 Earnings Call Transcript, source:SeekingAlpha, summary: Constellation Energy Corporation (NASDAQ:NASDAQ:CEG) Q3 2022 Earnings Conference Call November 8, 2022 10:00 A.M., Headline: Constellation Energy Corporation 2022 Q3 - Results - Earnings Call Presentation, source:SeekingAlpha, summary: The following slide deck was published by Constellation Energy Corporation in conjunction with their 2022 Q3 earnings call., Headline: Constellation Energy swings to 3Q loss but remains optimistic on climate act impacts, source:Yahoo, summary: Having to purchase energy and fuel while its plants experienced outages ate into the company's profits.",CEG
19,2022-11-09,"Headline: Constellation Energy price target raised to $104 from $91 at Wells Fargo, source:Thefly.com, summary: No summary",CEG
20,2022-11-11,"Headline: Top 5 3rd Quarter Trades of Au - GuruFocus.com, source:GuruFocus, summary: GuruFocus Article or News written by insider and the topic is about: , Headline: Top 5 3rd Quarter Trades of Aull & Monroe Investment Management Corp, source:GuruFocus, summary: No summary, Headline: Morgan Stanley Reaffirms Their Buy Rating on Constellation Energy Corporation (CEG), source:TipRanks, summary: No summary",CEG
21,2022-11-13,"Headline: Appaloosa exits positions in Kohl`s, Occidental Petroleum, Micron, source:Thefly.com, summary: No summary, Headline: Appaloosa exits positions in Kohl's, Occidental Petroleum, Micron, source:Thefly.com, summary: David Tepper's Appal... KSS, OXY, MU, APTV, NFLX, GOOG, SYY, MSFT, MOS, CEG, AMZN, ET, Headline: Activist Corvex adds Southwest Gas, exits Zendesk, source:Seeking Alpha, summary: No summary",CEG
22,2022-11-15,"Headline: Owl Creek Asset Management, L.P.`s Top 5 Buys of the 3rd Quarter, source:GuruFocus, summary: No summary, Headline: Owl Creek Asset Management, L. - GuruFocus.com, source:GuruFocus, summary: GuruFocus Article or News written by insider and the topic is about: , Headline: STEADFAST CAPITAL MANAGEMENT LP Buys 2, Sells 3 in 3rd Quarter, source:GuruFocus, summary: No summary, Headline: STEADFAST CAPITAL MANAGEMENT L - GuruFocus.com, source:GuruFocus, summary: GuruFocus Article or News written by insider and the topic is about: ",CEG
23,2022-11-18,"Headline: Nuclear Outperformance - My Favorite Utility Is Constellation Energy, source:SeekingAlpha, summary: In this article, we start by discussing why (I believe) nuclear energy is the future of reliable, carbon-free energy.",CEG
24,2022-11-23,"Headline: UK shareholder meetings calendar - next 7 days, source:Alliance News, summary: No summary",CEG
25,2022-11-25,"Headline: UK shareholder meetings calendar - next 7 days, source:Alliance News, summary: No summary",CEG
26,2022-11-27,"Headline: Tracking David Tepper`s Appaloosa Management Portfolio - Q3 2022 Update, source:Seeking Alpha, summary: No summary",CEG
27,2022-11-28,"Headline: Tracking David Tepper's Appaloosa Management Portfolio - Q3 2022 Update, source:SeekingAlpha, summary: David Tepperâs 13F portfolio value decreased from $1.59B to $1.36B this quarter. Read more to see Appaloosa Management's holdings and trades for Q3 2022., Headline: UK shareholder meetings calendar - next 7 days, source:Alliance News, summary: No summary",CEG
28,2022-12-01,"Headline: Constellation Energy: Nuclear Subsidies Are Now Priced In, source:SeekingAlpha, summary: Constellation Energy shares have been on a tear since the passage of the Inflation Reduction Act. See why we lower the rating on CEG stock to hold from a buy., Headline: The 1-Minute Market Report November 30, 2022, source:SeekingAlpha, summary: In today's issue of the 1-Minute Market Report, I examine the market rally since the October low and highlight the areas of the market that are leading the way higher.",CEG
29,2022-12-03,"Headline: These Were The Five Best And Worst Performing Utilities Stocks In November 2022, source:TalkMarkets, summary: No summary",CEG
30,2022-12-04,"Headline: The $5 trillion fund favorites: 12 stocks mutual and hedge funds love, source:Seeking Alpha, summary: No summary",CEG
31,2022-12-08,"Headline: Heartland Opportunistic Value Equity Strategy Q3 2022 Commentary, source:SeekingAlpha, summary: Year to date, the Heartland Opportunistic Value Strategy has outperformed the Russell 3000 ValueÂ® Index. Click here to read the full fund letter., Headline: Heartland Mid Cap Value Fund Q3 2022 Commentary, source:SeekingAlpha, summary: Q3 2022 was a tale of two markets for Heartland Mid Cap Value Fund. Click here to read the full fund letter.",CEG
32,2022-12-12,"Headline: Inflation Reduction Act ‘puts nuclear on a level playing field’: Constellation Energy CEO, source:Yahoo, summary: Constellation Energy CEO Joe Dominguez joins Yahoo Finance Live to discuss completing the separation of Exelon, the energy sector outperforming in the S&P 500, the Inflation Reduction Act, demand for nuclear energy, carbon-free energy, and the climate crisis.",CEG
33,2022-12-13,"Headline: Jim Cramer says Constellation Energy and Sempra Energy are dependable utility stocks, source:CNBC, summary: Jim Cramer advised investors to consider adding shares of “steady-eddy” utility companies to their portfolios for their dependability.",CEG
34,2022-12-14,"Headline: SPAC Rice II to merge with natural gas tech developer NET Power in $1.5B deal, source:Seeking Alpha, summary: No summary, Headline: Constellation Energy price target raised to $94 from $54 at Mizuho, source:Thefly.com, summary: No summary, Headline: NET Power to Combine with Rice Acquisition Corp. II to Accelerate Decarbonization of Natural Gas Power Generation, source:Business Wire, summary: No summary, Headline: Occidental-backed NET Power combining with Rice Acquisition Corp. II , source:MarketWatch, summary: Rice Acquisition Corp. II undefined said Wednesday it will combine with NET Power LLC in a deal valued at about $1.46 billion. The company will be named NET..., Headline: Occidental-backed NET Power combining with Rice Acquisition Corp. II, source:MarketWatch, summary: No summary",CEG
35,2022-12-15,"Headline: Analysts Have Conflicting Sentiments on These Utilities Companies: Sempra Energy (SRE) and Constellation Energy Corporation (CEG), source:TipRanks, summary: No summary",CEG
36,2022-12-20,"Headline: FUTY: Utilities Dashboard For December, source:SeekingAlpha, summary: FUTY is a good instrument with cheap fees for investors seeking capital-weighted exposure in utilities. Read why XLU is a better choice for tactical allocation and trading.",CEG
37,2022-12-28,"Headline: Premarket Movers: Plains All Amer Pipeline, American Tower REIT, Floor & Decor, source:MarketWatch, summary: With U.S. stock markets set to open in two hours, (FND) was up 4.0% in pre-market trading, and (BN) was up 3.1%. (ECL), (DECK), and (CEG) were all posting...",CEG
38,2022-12-31,"Headline: Occidental Petroleum top S&P 500 gainer in 2022, Generac biggest loser, source:Seeking Alpha, summary: No summary, Headline: These Were The 10 Best Performing Utilities Stocks In 2022, source:TalkMarkets, summary: No summary",CEG
39,2023-01-02,"Headline: Year End Portfolio Review - Value Comes Through In 2022, source:SeekingAlpha, summary: My portfolio had a total return of -6.1% in 2022, strongly beating the S&P index fund's total return of -18.2%. Read more to see my portfolio's performance.",CEG
40,2023-01-03,"Headline: Challenger Energy up as global energy firms validate Uruguay project, source:Alliance News, summary: No summary, Headline: AIM WINNERS & LOSERS: GENinCode shares soar on US approvals, source:Alliance News, summary: No summary, Headline: Crude oil, energy companies slammed as rising dollar, China questions weigh, source:Seeking Alpha, summary: No summary",CEG
41,2023-01-04,"Headline: nan, source:CNBC, summary: Cramer named 10 stocks listed in the S&P 500 that he believes could perform well this year.",CEG
42,2023-01-06,"Headline: Cramer's lightning round: I'm very concerned about Veru, source:CNBC, summary: ""Mad Money"" host Jim Cramer rings the lightning round bell, which means he's giving his answers to callers' stock questions at rapid speed.",CEG
43,2023-01-10,"Headline: Compounders And Dividends: January 2023 Watch List Update, source:Seeking Alpha, summary: No summary",CEG
44,2023-01-12,"Headline: PJM power plant owners could owe $2B in penalties from winter storm failures, source:Seeking Alpha, summary: No summary",CEG
45,2023-01-16,"Headline: Goldman picks 50 top return-on-equity stocks for a tough ROE year, source:Seeking Alpha, summary: No summary",CEG
46,2023-01-17,"Headline: Constellation Energy cut to Sector Perform from Outperform at RBC Capital, source:Thefly.com, summary: No summary",CEG
47,2023-01-23,"Headline: Power plant generators urge FERC to nix PJM`s mid-capacity auction rule change, source:Seeking Alpha, summary: No summary, Headline: Morgan Stanley Sticks to Their Buy Rating for Constellation Energy Corporation (CEG), source:TipRanks, summary: No summary",CEG
48,2023-01-25,"Headline: ClearBridge Global Infrastructure Income Strategy Q4 2022 Portfolio Manager Commentary, source:SeekingAlpha, summary: On a relative basis, vs. its benchmark Index, ClearBridge Global Infrastructure Income Strategy underperformed during Q4 2022. Click to read the full letter.",CEG
49,2023-01-29,"Headline: CEG vs. NEE: Which Inflation Reduction Act Beneficiary is Better?, source:TipRanks, summary: No summary",CEG
50,2023-01-30,"Headline: Oil prices already may have hit a floor for 2023, RBC analysts say, source:Seeking Alpha, summary: No summary, Headline: Cerro Grande Mining Corporation Announces Filing of Annual Financial Information for the Year Ended September 30, 2022, source:GlobeNewswire, summary: No summary, Headline: Quaker Houghton supports clean energy with Constellation advancing its goal of achieving carbon neutrality, source:Yahoo, summary: Quaker Houghton (NYSE: KWR) announced today that it has entered into a contract with Constellation to purchase Renewable Energy Certificates (""RECs"") to match approximately half of its total U.S. based electricity needs., Headline: Tesla, Nvidia Lead Today's Biggest S&P 500 Stock Market Losers, source:Yahoo, summary: Tesla, Nvidia and Constellation Energy Group were the top three S&P 500 index losers on the stock market today, as growth stocks led Monday's declines after soaring the past few weeks.  The S&P 500 fell 1.3% on Monday, while the Nasdaq composite shed almost 2%, back below its 200-day moving average.  TSLA stock and Nvidia are big Nasdaq 100 components., Headline: AI-driven ETF doubles the returns of the S&P 500 in January, source:Seeking Alpha, summary: No summary",CEG
51,2023-01-31,"Headline: Constellation Energy price target raised to $115 from $106 at Wells Fargo, source:Thefly.com, summary: No summary, Headline: Constellation Marks First Anniversary with $1 Million “Powering Change” Workforce Development Initiative, source:Business Wire, summary: No summary, Headline: Top 5 4th Quarter Trades of FIRST NATIONAL BANK & TRUST CO OF NEWTOWN, source:GuruFocus, summary: No summary, Headline: Constellation Marks First Anniversary with $1 Million ""Powering Change"" Workforce Development Initiative, source:Yahoo, summary: BALTIMORE, January 31, 2023--Powering Change aims to address equity and employment gaps, support career advancement and provide training for underserved youth and adults.",CEG
52,2023-02-01,"Headline: Energy Transition Requires Nuclear Foundation, source:SeekingAlpha, summary: Nuclear energy is the ideal foundation for the energy transition, offering a safe, reliable, efficient and environmentally-friendly base power source. Read more here.",CEG
53,2023-02-06,"Headline: Constellation, Union Partners Sign Pledge to Increase Diversity Among Historically Underrepresented Groups, source:Yahoo, summary: BALTIMORE, February 06, 2023--Constellation and its union partners have signed a pledge to increase diversity in the building trades.",CEG
54,2023-02-07,"Headline: Ten top growth stocks and 10 top value stocks from BofA`s screens, source:Seeking Alpha, summary: No summary",CEG
55,2023-02-08,"Headline: 7 Energy Stocks to Invest in for a Greener Portfolio, source:InvestorPlace, summary: No summary",CEG
56,2023-02-09,"Headline: Donald Smith & Co Buys 1, Sells 4 in 4th Quarter, source:GuruFocus, summary: No summary",CEG
57,2023-02-10,"Headline: Cramer’s week ahead: There are plenty of high-quality stocks to buy, source:CNBC, summary: Jim Cramer gave his take on companies set to report earnings next week including Coca-Cola, Airbnb and DraftKings., Headline: Compounders And Dividends: February 2023 Watch List Update, source:SeekingAlpha, summary: Three companies have been removed from my watchlist and added to the active portfolio. I added four new companies to my watchlist. Read more here.",CEG
58,2023-02-12,"Headline: Constellation Energy: A Free Cash Flow Stalwart Weathering The Storm Well, source:Seeking Alpha, summary: No summary",CEG
59,2023-02-13,"Headline: Hourly Carbon-Free Energy Matching Boosted by New PJM Tracking System, source:Yahoo, summary: BALTIMORE, February 13, 2023--New capability will help customers in the nation’s largest grid purchase carbon-free energy every hour of every day., Headline: Appaloosa takes stake in Disney, exits position in Mosaic, source:Thefly.com, summary: No summary, Headline: David Tepper Buys 3, Sells 2 in 4th Quarter, source:GuruFocus, summary: No summary",CEG
60,2023-02-14,"Headline: 7 Great Growth Stocks to Buy in February, source:InvestorPlace, summary: No summary, Headline: Challenger Energy sells subsidiary Caribbean Rex for USD1.5 million, source:Alliance News, summary: No summary, Headline: Exelon announces upcoming changes to its Board of Directors, source:Business Wire, summary: No summary",CEG
61,2023-02-15,"Headline: Notable earnings before Thursday`s open, source:Seeking Alpha, summary: No summary, Headline: GLOBAL BRIEFING: World Bank Chief David Malpass to step down, source:Alliance News, summary: No summary",CEG
62,2023-02-16,"Headline: Constellation Energy reports Q4 GAAP EPS 10c, consensus $1.23, source:Thefly.com, summary: No summary, Headline: Constellation Energy reports mixed Q4 earnings; initiates FY23 outlook, source:Seeking Alpha, summary: No summary, Headline: Constellation Energy reports Q4 earnings; initiates FY23 outlook, source:Seeking Alpha, summary: No summary, Headline: Donald Smith & Co Buys 1, Sells 4 in 4th Quarter, source:GuruFocus, summary: No summary, Headline: Orbis Allan Gray Ltd Goes on Buying Spree in 4th Quarter, source:GuruFocus, summary: No summary, Headline: Constellation Energy loss widens as both revenue and expenses increase, source:Alliance News, summary: No summary, Headline: Constellation Energy files automatic mixed securities shelf, source:Thefly.com, summary: No summary, Headline: David Tepper`s Firm Trims Meta Position, Enters 2 Holdings, source:GuruFocus, summary: No summary, Headline: Constellation Reports Fourth Quarter and Full Year 2022 Results and Initiates 2023 Financial Outlook, source:Yahoo, summary: BALTIMORE, February 16, 2023--Constellation Energy Corporation (Nasdaq: CEG) today reported its financial results for the fourth quarter and full year 2022., Headline: Constellation Energy Corp (CEG) Q4 2022 Earnings Call Transcript, source:SeekingAlpha, summary: Constellation Energy Corp (NASDAQ:NASDAQ:CEG) Q4 2022 Earnings Conference Call February 16, 2023 10:00 AM ETCompany ParticipantsEmily Duncan - VP, IR Joseph Dominguez - President, CEO &..., Headline: Constellation Energy: Still Expensive, But Worth It, source:SeekingAlpha, summary: Constellation Energy shares have finally pulled back after a strong run in 2022. Click here to read why CEG stock is a Buy.",CEG
63,2023-02-17,"Headline: Analysts Offer Insights on Utilities Companies: Constellation Energy Corporation (CEG) and EQT (EQT), source:TipRanks, summary: No summary",CEG
64,2023-02-20,"Headline: Constellation Energy cut at BofA following strong run, source:Seeking Alpha, summary: No summary, Headline: Constellation Energy downgraded to Neutral from Outperform at Credit Suisse, source:Thefly.com, summary: No summary",CEG
65,2023-02-21,"Headline: Constellation Energy downgraded to Neutral from Buy at BofA, source:Thefly.com, summary: No summary, Headline: Constellation Energy price target lowered to $93 from $103 at BMO Capital, source:Thefly.com, summary: No summary, Headline: Analysts Offer Insights on Utilities Companies: Parex Resources (OtherPARXF) and Constellation Energy Corporation (CEG), source:TipRanks, summary: No summary, Headline: Analysts Offer Insights on Utilities Companies: Marathon Oil (MRO) and Constellation Energy Corporation (CEG), source:TipRanks, summary: No summary, Headline: Constellation Energy to invest $800M in new equipment at IL nuclear plants, source:Thefly.com, summary: No summary, Headline: Constellation Energy to spend $800M to upgrade two Illinois nuclear plants, source:Seeking Alpha, summary: No summary, Headline: Constellation Making Major Investment in Two Illinois Nuclear Plants to Increase Clean Energy Output, source:Yahoo, summary: BALTIMORE, February 21, 2023--Constellation will invest $800 million in new equipment to increase the output of its Braidwood and Byron Generating Stations by approximately 135 MW., Headline: Constellation to invest USD800 million for new equipment in Illinois, source:Alliance News, summary: No summary, Headline: Cerro Grande Mining Corporation: Tamidak Receives Necessary Permits for Tailings Pond Reprocessing to Start at Pimentón Project, source:GlobeNewswire, summary: No summary, Headline: Chatbot Craze Powers AI-Powered AIEQ ETF Higher, source:InvestorPlace, summary: No summary",CEG
66,2023-02-22,"Headline: Constellation Energy price target lowered to $108 from $110 at UBS, source:Thefly.com, summary: No summary, Headline: Constellation Energy cut at Credit Suisse on low free cash flow outlook, source:Seeking Alpha, summary: No summary, Headline: Morgan Stanley Reaffirms Their Buy Rating on Constellation Energy Corporation (CEG), source:TipRanks, summary: No summary, Headline: B of A Securities Downgrades Constellation Energy (CEG), source:Fintel, summary: nan, Headline: Credit Suisse Downgrades Constellation Energy (CEG), source:Fintel, summary: nan",CEG
67,2023-02-23,"Headline: Constellation Energy goes ex-dividend tomorrow, source:Seeking Alpha, summary: No summary, Headline: Constellation’s Nuclear Fleet Outperformed as Fossil Plants in Nation’s Largest Grid Failed During Winter Storm Emergency, source:Yahoo, summary: BALTIMORE, February 23, 2023--Constellation's nuclear plants performed at 100 percent capacity and proved instrumental in preventing rolling blackouts during Winter Storm Elliott.",CEG
68,2023-02-27,"Headline: Payouts on PJM power grid fall 15% in latest power auction, source:Seeking Alpha, summary: No summary, Headline: The 7 Best Utility Stocks to Buy as Yields Rise, source:InvestorPlace, summary: No summary, Headline: The 20 worst U.S. stocks in February: the biggest loser dropped 35%, source:MarketWatch, summary: No summary",CEG
69,2023-03-01,"Headline: CEG Stock Crowded With Sellers, source:Energy Stock Channel, summary: No summary, Headline: Cerro Grande Mining Corporation Announces its First Fiscal Quarter ended December 31, 2022 results compared to the same period in 2021, source:GlobeNewswire, summary: No summary",CEG
70,2023-03-06,"Headline: Constellation Energy Is Cheap With An Inflation Reduction Act Underpin!, source:SeekingAlpha, summary: Recently spun off from Exelon Corp, Constellation Energy has gone unnoticed and is underfollowed. Click here to see our take on CEG stock.",CEG
71,2023-03-07,"Headline: Constellation`s Nine Mile Point nuclear site now making hydrogen, source:Seeking Alpha, summary: No summary, Headline: Constellation Starts Production at Nation’s First One Megawatt Demonstration Scale Nuclear-Powered Clean Hydrogen Facility, source:Yahoo, summary: OSWEGO, N.Y., March 07, 2023--Hydrogen production has commenced at the nation’s first 1 MW nuclear-powered clean hydrogen production facility at Nine Mile Point Nuclear Plant., Headline: Which S&P 500 Stocks Look Most Attractive Now?, source:TalkMarkets, summary: No summary",CEG
72,2023-03-08,"Headline: Thursday Sector Leaders: Utilities, Healthcare, source:Market News Video, summary: No summary",CEG
73,2023-03-09,"Headline: Constellation CEO to Call on Congress to Support Reliable, Zero-Carbon Nuclear Energy by Investing in Domestic Fuel Sources, source:Yahoo, summary: WASHINGTON, March 09, 2023--Testimony to highlight environmental, national security & energy reliability risks if action isn’t taken to ensure US fuel sources for nuclear plants.",CEG
74,2023-03-10,"Headline: Constellation Energy CEO advocates for investments in domestic fuel, source:Alliance News, summary: No summary",CEG
75,2023-03-12,"Headline: Tracking David Tepper`s Appaloosa Management Portfolio - Q4 2022 Update, source:Seeking Alpha, summary: No summary, Headline: Tracking David Tepper's Appaloosa Management Portfolio - Q4 2022 Update, source:SeekingAlpha, summary: David Tepper's 13F portfolio value decreased from $1.36B to $1.35B this quarter. Click here for a detailed analysis.",CEG
76,2023-03-13,"Headline: Analysts Offer Insights on Utilities Companies: Hawaiian Electric (HE) and Constellation Energy Corporation (CEG), source:TipRanks, summary: No summary, Headline: VST: A Transformational Acquisition for This Proven Utilities Winner, source:TalkMarkets, summary: No summary",CEG
77,2023-04-03,"Headline: Constellation Energy Stock Has More Room To Run, source:SeekingAlpha, summary: Constellation Energy is the generation company spun off from utility company Exelon in January 2022. Read why investors should closely look at CEG stock., Headline: Back Green And Make Green With Hannon Armstrong, source:SeekingAlpha, summary: Hannon Armstrong Sustainable Infrastructure Capital has been a battleground stock over the last year or so. See why HASI stock is a Strong Buy.",CEG
78,2023-04-04,"Headline: First Week of CEG April 21st Options Trading, source:Stock Options Channel, summary: No summary",CEG
79,2023-04-18,"Headline: Constellation Energy Corporation (CEG) Receives a Hold from Bank of America Securities, source:TipRanks, summary: No summary, Headline: Constellation Energy price target lowered to $81 from $88 at BofA, source:Thefly.com, summary: No summary, Headline: Keybanc Maintains Constellation Energy (CEG) Overweight Recommendation, source:Fintel, summary: nan, Headline: B of A Securities Maintains Constellation Energy (CEG) Neutral Recommendation, source:Fintel, summary: nan",CEG
80,2023-04-20,"Headline: Q1 2023 Earnings: Where Street Estimates Are Too Low And Who Should Beat, source:SeekingAlpha, summary: nan",CEG
81,2023-04-21,"Headline: Morgan Stanley Maintains Constellation Energy (CEG) Overweight Recommendation, source:Fintel, summary: nan",CEG
82,2023-04-22,"Headline: ClearBridge Global Infrastructure Value Strategy Q1 2023 Portfolio Manager Commentary, source:SeekingAlpha, summary: nan",CEG
83,2023-04-24,"Headline: Constellation Energy price target lowered to $97 from $110 at Guggenheim, source:Thefly.com, summary: No summary",CEG
84,2023-04-25,"Headline: Constellation Energy Corporation (CEG) Receives a Rating Update from a Top Analyst, source:TipRanks, summary: No summary, Headline: Guggenheim Maintains Constellation Energy (CEG) Buy Recommendation, source:Fintel, summary: nan, Headline: Constellation Energy: Leading the Charge for Nuclear Power, source:GuruFocus, summary: No summary",CEG
85,2023-04-26,"Headline: Challenger Energy identifies high-potential prospects in Uruguay, source:Alliance News, summary: No summary, Headline: Constellation Energy declares $0.282 dividend, source:Seeking Alpha, summary: No summary, Headline: Constellation Energy Corporation Declares Dividend, source:Yahoo, summary: BALTIMORE, April 26, 2023--The Board of Directors of Constellation Energy Corporation (Nasdaq: CEG) declared a quarterly dividend of $0.282 per share on Constellation’s common stock. The dividend is payable on June 9, 2023, to shareholders of record as of 5 p.m. Eastern time on May 12, 2023.",CEG
86,2023-04-27,"Headline: Constellation Energy (CEG) Declares $0.28 Dividend, source:Fintel, summary: nan",CEG
87,2023-05-01,"Headline: Morgan Stanley`s Wilson screens for stocks as earnings stabilize but data disappoints, source:Seeking Alpha, summary: No summary",CEG
88,2023-05-02,"Headline: Constellation Energy Q1 2023 Earnings Preview, source:Seeking Alpha, summary: No summary",CEG
89,2023-05-03,"Headline: Exelon kicks off first full-year post-Constellation spin-off strongly, source:Alliance News, summary: No summary",CEG
90,2023-05-04,"Headline: Constellation Energy GAAP EPS of $0.29 beats by $0.03, revenue of $7.57B beats by $1.84B, source:Seeking Alpha, summary: No summary, Headline: Constellation Energy reports Q1 adjusted EBITDA $658M, source:Thefly.com, summary: No summary, Headline: Constellation Expects to End Year Comfortably in the Upper End of Guidance and Sees Material Improvements In 2024, source:Yahoo, summary: BALTIMORE, May 04, 2023--Constellation Energy Corporation (Nasdaq: CEG) today reported its financial results for the first quarter of 2023., Headline: Constellation Energy Corporation 2023 Q1 - Results - Earnings Call Presentation, source:SeekingAlpha, summary: The following slide deck was published by Constellation Energy Corporation in conjunction with their 2023 Q1 earnings call.",CEG
91,2023-05-05,"Headline: Constellation Energy Corporation (CEG) Gets a Buy from BMO Capital, source:TipRanks, summary: No summary, Headline: Constellation Energy: Don`t Fear Falling Power Prices, source:Seeking Alpha, summary: No summary, Headline: Constellation Energy: Don't Fear Falling Power Prices, source:SeekingAlpha, summary: Wholesale electric power prices have fallen considerably in the last quarter, but Constellation's GM and EBITDA forecasts have improved. Read more about CEG here., Headline: Constellation Energy Corporation (CEG) Q1 2023 Earnings Call Transcript, source:SeekingAlpha, summary: Constellation Energy Corporation (NASDAQ:NASDAQ:CEG) Q1 2023 Earnings Conference Call May 4, 2023 10:00 AM ETCompany ParticipantsEmily Duncan - Vice President, Investor RelationsJoe...",CEG
92,2023-05-11,"Headline: Constellation Issues Statement on New EPA Guidelines, source:Yahoo, summary: BALTIMORE, May 11, 2023--Constellation issues statement in response to EPA's newly released guidelines for reducing carbon emissions from electric power plants.",CEG
93,2023-05-14,"Headline: Appaloosa takes stake in FedEx, exits Aptiv, source:Thefly.com, summary: No summary",CEG
94,2023-05-15,"Headline: Tepper`s Appaloosa adds stakes in Fedex, Tesla; boosts Uber, Amazon holdings, source:Seeking Alpha, summary: No summary",CEG
95,2023-05-19,"Headline: Vistra Looks Forward With Proposed Nuclear Acquisition, source:SeekingAlpha, summary: Vistra is a $9.1B market cap independent power producer generating and selling electricity in Texas and other areas of the country. Read more about VST here.",CEG
96,2023-05-21,"Headline: RYU: Utilities Dashboard For May, source:SeekingAlpha, summary: The best value and quality scores are in gas utilities. The most overvalued subsector is water utilities. Click here to read more., Headline: Constellation Energy Corporation (CEG) Gets a Hold from RBC Capital, source:TipRanks, summary: No summary",CEG
97,2023-05-22,"Headline: Morgan Stanley Keeps Their Buy Rating on Constellation Energy Corporation (CEG), source:TipRanks, summary: No summary, Headline: Morgan Stanley Maintains Constellation Energy (CEG) Overweight Recommendation, source:Fintel, summary: nan",CEG
98,2023-05-23,"Headline: TransUnion Signs Agreement with Constellation to Purchase Renewable Energy, source:Yahoo, summary: TransUnion’s long-term commitment is expected to support development of 8.5 megawatts of new solar; help company reduce carbon emissions associated with its energy use by over 8,000 metric tons each yearCHICAGO, May 23, 2023 (GLOBE NEWSWIRE) -- TransUnion (NYSE: TRU) today announced an 8.5 megawatt agreement with Constellation (NASDAQ: CEG) to purchase renewable energy equivalent to the annual electricity use of its Chicago headquarters, which will also reduce TransUnion’s emissions associated w",CEG
99,2023-05-24,"Headline: Constellation Sets Industry Record for Blending Hydrogen With Natural Gas to Further Reduce Emissions, source:Yahoo, summary: BALTIMORE, May 24, 2023--Constellation, the nation’s largest producer of carbon-free energy, has set an industry record for blending high concentrations of hydrogen with natural gas, further proof that hydrogen can be an effective tool to lower greenhouse gas emissions.",CEG
100,2023-05-30,"Headline: Cerro Grande Mining Corporation Announces its Second Fiscal Quarter ended March 31, 2023 results compared to the same period in 2022, source:GlobeNewswire, summary: No summary",CEG
101,2023-05-31,"Headline: Cerro Grande: Fiscal Q2 Earnings Snapshot, source:Associated Press, The, summary: No summary, Headline: IN BRIEF: Challenger Energy aims to complete farm-out deal in Uruguay, source:Alliance News, summary: No summary, Headline: What You Missed On Wall Street On Thursday, source:Thefly.com, summary: No summary",CEG
102,2023-06-01,"Headline: Constellation Energy to acquire ownership stake in Texas nuclear plant, source:Thefly.com, summary: No summary, Headline: C3.ai, Salesforce, Dollar General stocks drop, Hormel and Chewy shares rally and other stocks on the move, source:MarketWatch, summary: Shares of C3.ai, Hormel Foods, Lucid, Dollar General and Chewy were among some of the biggest movers Thursday., Headline: NRG Energy to sell 44% equity interest in STP to Constellation Energy for $1.75B, source:Thefly.com, summary: No summary, Headline: Constellation Energy to buy stake in Texas nuke plant from NRG in $1.75B deal, source:Seeking Alpha, summary: No summary, Headline: Constellation Energy buying 44% stake in NRG nuclear power station for nearly $1.8 bln, source:MarketWatch, summary: Constellation Energy Corp. said Thursday it agreed to pay $1.75 billion for 44% ownership of the South Texas Project Electric Generating Station near..., Headline: NRG Energy to boost stock repurchase program by $650 million after sales of STP stake, source:MarketWatch, summary: Shares of NRG Energy Inc. rose 1.5% toward a 6-week high in premarket trading Thursday, after the home-services energy company authorized an additional $650..., Headline: Constellation Energy to acquire USD1.75 billion stake in nuclear plant, source:Alliance News, summary: No summary, Headline: IN BRIEF: Challenger extends date for sale of Cory Moruga to Predator, source:Alliance News, summary: No summary, Headline: Early notable gainers among liquid option names on June 1st, source:Thefly.com, summary: No summary, Headline: Constellation to Acquire Ownership Stake in Texas Nuclear Plant From NRG Energy, source:Yahoo, summary: BALTIMORE, June 01, 2023--Constellation, operator of the nation’s largest fleet of reliable, carbon-free nuclear plants, announced today it is acquiring NRG Energy Inc.’s 44 percent ownership stake in the South Texas Project Electric Generating Station, a 2,645-megawatt, dual-unit nuclear plant located about 90 miles southwest of Houston. The transaction is valued at $1.75 billion, with an effective purchase price of $1.4 billion after taking into consideration the present value of tax benefits, Headline: What You Missed On Wall Street This Morning, source:Thefly.com, summary: No summary, Headline: What 8 Analyst Ratings Have To Say About Constellation Energy, source:Benzinga, summary: No summary",CEG
103,2023-06-02,"Headline: Constellation Energy price target lowered to $90 from $94 at Mizuho, source:Thefly.com, summary: No summary, Headline: Mizuho Maintains Constellation Energy (CEG) Neutral Recommendation, source:Fintel, summary: nan",CEG
104,2023-06-05,"Headline: Constellation Energy price target raised to $120 from $115 at Wells Fargo, source:Thefly.com, summary: No summary, Headline: Challenger Energy expects Area Off-3 licence offshore Uruguay, source:Alliance News, summary: No summary",CEG
105,2023-06-06,"Headline: Tracking David Tepper's Appaloosa Management Portfolio - Q1 2023 Update, source:SeekingAlpha, summary: David Tepper's 13F portfolio value increased to approximately $1.89B, with the number of holdings rising from 23 to 28. Click here for a detailed analysis.",CEG
106,2023-06-08,"Headline: Constellation to boost Criterion Wind, part of $350M boost to renewable fleet, source:Seeking Alpha, summary: No summary, Headline: Constellation to repower Criterion Wind, part of $350M boost to renewable fleet, source:Seeking Alpha, summary: No summary, Headline: Constellation Repowers Criterion Wind as Part of $350 Million Investment in Its Renewable Fleet, source:Yahoo, summary: BALTIMORE, June 08, 2023--Constellation is improving the efficiency and increasing the output of its Criterion wind project and extending the life of the facility for 20 years.",CEG
107,2023-06-13,"Headline: Top 4 Utilities Stocks That Should Keep You Up At Night, source:Benzinga, summary: No summary",CEG
108,2023-06-14,"Headline: Challenger Energy shares up on licence discussions over Guayaguayare, source:Alliance News, summary: No summary, Headline: CVS Health announces 18 megawatt agreement with Constellation, source:Thefly.com, summary: No summary, Headline: CVS in pact with Constellation to procure renewable energy, source:Seeking Alpha, summary: No summary, Headline: Health Of The Planet - CVS Health Inks Deal To Purchase Renewable Energy From Constellation, source:Benzinga, summary: No summary, Headline: CVS Health Enters Agreement With Constellation to Purchase Renewable Energy, source:Yahoo, summary: WOONSOCKET, R.I., June 14, 2023--CVS Health® (NYSE: CVS) today announced an 18 megawatt agreement with Constellation (NASDAQ: CEG) to purchase zero-emission, renewable energy equivalent to the annual electricity use of its 147 CVS Health locations throughout Michigan.",CEG
109,2023-06-15,"Headline: Interesting CEG Call Options For June 16th, source:Stock Options Channel, summary: No summary",CEG
110,2023-06-20,"Headline: Constellation Energy discloses 35.3% stake in NET Power, source:Thefly.com, summary: No summary, Headline: Constellation Energy downgraded to Sector Weight from Overweight at KeyBanc, source:Thefly.com, summary: No summary, Headline: Constellation Energy cut at KeyBanc as positive catalysts have played out, source:Seeking Alpha, summary: No summary, Headline: Here’s Why the Invesco QQQ Trust ETF is Worth Considering, source:TipRanks, summary: No summary",CEG
111,2023-06-21,"Headline: Constellation Energy downgraded at KeyBanc with catalysts played out, source:Thefly.com, summary: No summary, Headline: Here’s Why the Invesco QQQ Trust ETF is Appealing, source:TipRanks, summary: No summary, Headline: 7 Analysts Have This to Say About Constellation Energy, source:Benzinga, summary: No summary, Headline: Benzinga's Top Ratings Upgrades, Downgrades For June 21, 2023, source:Benzinga, summary: No summary, Headline: Analyst Expectations for Constellation Energy's Future, source:Benzinga, summary: No summary, Headline: Constellation Energy Downgraded By KeyBanc Amid Capital Expenditure And FCF Deployment Developments, source:Benzinga, summary: No summary, Headline: Tesla downgraded, Adobe upgraded: Wall Street's top analyst calls, source:Yahoo, summary: Tesla downgraded, Adobe upgraded: Wall Street's top analyst calls, Headline: Keybanc Downgrades Constellation Energy (CEG), source:Fintel, summary: nan",CEG
112,2023-06-22,"Headline: Activist Investor Pressures NRG Energy To Change CEO: Report, source:Benzinga, summary: No summary, Headline: Constellation Energy: A Rare Nuclear Energy Play, source:SeekingAlpha, summary: Constellation Energy is well-positioned to benefit from the potential expansion of the nuclear energy market. Read why I have a buy rating on CEG stock.",CEG
113,2023-06-23,"Headline: S&P 500 Futures Decline in Premarket Trading; Taylor Morrison Home, Open Text Lead, source:MarketWatch, summary: With U.S. stock markets set to open in two hours, (TMHC) was up 26.8% in pre-market trading, and (OTEX) was up 6.3%. (KMX), (MMM), and (CEG) were all posting...",CEG
114,2023-06-26,"Headline: A Look Into Constellation Energy's Debt, source:Benzinga, summary: No summary",CEG
115,2023-06-28,"Headline: How Uranium Can Be a Shelter From Economic Meltdown, source:Yahoo, summary: Uranium (triuranium octoxide) spot prices are up roughly 18% year to date.  Canadian uranium miner  Cameco  share price is up 29%, while the  Sprott Physical Uranium Trust  an exchange-traded fund that owns physical uranium, is up 8%.  The  Global X Uranium ETF  has risen 6%.",CEG
116,2023-06-29,"Headline: How Is The Market Feeling About Constellation Energy?, source:Benzinga, summary: No summary, Headline: Constellation Signs Hourly Carbon-Free Energy Matching Agreement with Microsoft to Support a Clean-Powered Data Center, source:Yahoo, summary: BALTIMORE, June 29, 2023--Constellation announced an agreement with Microsoft to significantly reduce the carbon footprint of one of Microsoft’s data centers in Virginia.",CEG
117,2023-07-05,"Headline: Will Investors Notice Exciting Sign On Constellation Energy's Chart?, source:Benzinga, summary: No summary",CEG
118,2023-07-07,"Headline: Invesco QQQ Trust ETF: Here’s What Makes It Worth Considering, source:TipRanks, summary: No summary",CEG
119,2023-07-11,"Headline: S&P 500 Q2 2023 Earnings Preview: A Repeat Performance?, source:SeekingAlpha, summary: Over the last three months, Q2 EPS estimate declined from $54.24 to $52.81 per share, resulting in analysts downgrading y/y growth expectations by 2.5 ppt heading into earnings season.",CEG
120,2023-07-12,"Headline: As Summer Heats up, Constellation's Nuclear Fleet Ready to Meet Power Needs of 15 Million Homes, source:Finnhub, summary: Multiple spring refueling and reliability projects have been completed to support 24/7 flow of carbon-free electricity to homes, businesses and hospitals, Headline: As Summer Heats Up, Constellation’s Nuclear Fleet Ready to Meet Power Needs of 15 Million Homes, source:Yahoo, summary: BALTIMORE, July 12, 2023--Constellation’s 12 nuclear plants are set to supply uninterrupted carbon-free electricity during what is forecasted to be a hotter than usual summer.",CEG
121,2023-07-19,"Headline: Looking Into Constellation Energy's Recent Short Interest, source:Benzinga, summary: No summary, Headline: Thursday Sector Leaders: Utilities, Healthcare, source:Market News Video, summary: No summary",CEG
122,2023-07-20,"Headline: Constellation's 2023 Sustainability Report Highlights Progress on Clean Energy Transition and Community Impact, source:Finnhub, summary: Continued investments in carbon-free energy, new customer solutions and underserved communities advance Constellation’s efforts to lead the nation’s clean energy transition

..., Headline: Constellation’s 2023 Sustainability Report Highlights Progress on Clean Energy Transition and Community Impact, source:Yahoo, summary: BALTIMORE, July 20, 2023--Constellation's 2023 Sustainability Report details milestones in the company’s mission to lead the fight against the climate crisis.",CEG
123,2023-07-21,"Headline: Invesco QQQ Trust ETF: What Lies Ahead?, source:TipRanks, summary: No summary",CEG
124,2023-07-22,"Headline: ClearBridge Global Infrastructure Income Strategy Q2 2023 Portfolio Manager Commentary, source:SeekingAlpha, summary: The ClearBridge Global Infrastructure Income Strategy outperformed the S&P Global Infrastructure Index during the quarter. Click here to read the full fund letter., Headline: Morgan Stanley Maintains Constellation Energy (CEG) Overweight Recommendation, source:Fintel, summary: nan",CEG
125,2023-07-24,"Headline: RBC Capital Reaffirms Their Hold Rating on Constellation Energy Corporation (CEG), source:TipRanks, summary: No summary",CEG
126,2023-07-25,"Headline: Constellation Energy : 2023 ESG Investor Presentation, source:Finnhub, summary: Constellation ESG Investor Presentation
      
      
        July 2023
      
    
    
      
        
          Cautionary Statements Regarding Forward-Looking Information
        
...",CEG
127,2023-07-26,"Headline: Constellation Energy : Johnson Controls and Constellation Support Development of New Solar Projects, Advancing Commitment to Power Operations with Renewable Energy, source:Finnhub, summary: Johnson Controls and Constellation Support Development of New Solar Projects, Advancing Commitment to Power Operations with Renewable Energy
      
      
        Long-term agreement...",CEG
128,2023-07-27,"Headline: Constellation Partners with HIRE360 to Increase Diversity in Local Trades Through Workforce Development, source:Yahoo, summary: CHICAGO, July 27, 2023--Constellation is contributing $250,000 to HIRE360 to increase employment and training opportunities for women and people of color in the Chicago area.",CEG
129,2023-08-01,"Headline: Constellation Energy declares $0.282 dividend, source:Seeking Alpha, summary: No summary, Headline: Constellation Accepting Applications for 2023 Energy to Educate Grant Program, source:Yahoo, summary: BALTIMORE, August 01, 2023--Constellation is now accepting applications for its Energy to Educate program, providing funding for student projects focusing on energy innovation., Headline: Constellation Energy Corporation Declares Dividend, source:Yahoo, summary: BALTIMORE, August 01, 2023--The Board of Directors of Constellation Energy Corporation (Nasdaq: CEG) declared a quarterly dividend of $0.282 per share on Constellation’s common stock. The dividend is payable on Sept. 8, 2023, to shareholders of record as of 5 p.m. Eastern time on Aug. 14, 2023.",CEG
130,2023-08-02,"Headline: Notable earnings before Thursday's open, source:Seeking Alpha, summary: No summary",CEG
131,2023-08-03,"Headline: Constellation Energy beats Q2 top and bottom line estimates; raises FY23 outlook, source:Seeking Alpha, summary: No summary, Headline: Constellation Energy reports Q2 GAAP EPS $2.56, consensus 73c, source:Thefly.com, summary: No summary, Headline: Decoding the GF Value of Constellation Energy Corp (CEG): An In-depth Analysis, source:GuruFocus, summary: No summary, Headline: Constellation Reports Second Quarter 2023 Results, source:Yahoo, summary: BALTIMORE, August 03, 2023--Constellation Energy Corporation (Nasdaq: CEG) today reported its financial results for the second quarter of 2023., Headline: Constellation Energy swings to second quarter profit; targets growth, source:Alliance News, summary: No summary",CEG
132,2023-08-04,"Headline: BMO Capital Reaffirms Their Buy Rating on Constellation Energy Corporation (CEG), source:TipRanks, summary: No summary, Headline: Wall Street Breakfast Podcast: Labor Market Strength With Signs Of Weakness, source:SeekingAlpha, summary: The U.S. labor market is expected to stay strong in July with jobs growth continuing to outpace the number of workers coming into the job market., Headline: Constellation Energy : Cook County, Illinois Announces Agreement with Constellation for Renewable Energy, source:Finnhub, summary: Cook County, Illinois Announces Agreement with Constellation for Renewable Energy
      
    
    
      
        
         BALTIMORE, MD - Aug. 4, 2023 -  Cook County, Illinois..., Headline: Constellation Energy Corp Reaches Analyst Target Price, source:ETF Channel, summary: No summary, Headline: Looking Into Constellation Energy's Recent Short Interest, source:Benzinga, summary: No summary, Headline: Constellation signs power purchase deal with Cook County, Illinois, source:Alliance News, summary: No summary",CEG
133,2023-08-05,"Headline: Wall Street Breakfast: What Moved Markets, source:SeekingAlpha, summary: isten on the go! A daily podcast of Wall Street Breakfast will be available this morning on Seeking Alpha, iTunes, Spotify., Headline: Texas power prices skyrocket as scorching heat pushes demand to record highs, source:Seeking Alpha, summary: No summary",CEG
134,2023-08-06,"Headline: Constellation Energy Corporation 2023 Q2 - Results - Earnings Call Presentation, source:SeekingAlpha, summary: The following slide deck was published by Constellation Energy Corporation in conjunction with their 2023 Q2 earnings call., Headline: Constellation Energy Corporation (CEG) Q2 2023 Earnings Call Transcript, source:SeekingAlpha, summary: Constellation Energy Corporation (NASDAQ:NASDAQ:CEG) Q2 2023 Earnings Conference Call August 3, 2023 10:00 AM ETCompany ParticipantsEmily Duncan - SVP, IRJoe Dominguez - President and...",CEG
135,2023-08-07,"Headline: Constellation Energy price target raised to $106 from $90 at Mizuho, source:Thefly.com, summary: No summary, Headline: Analyst Expectations for Constellation Energy's Future, source:Benzinga, summary: No summary, Headline: Constellation to File Comments Offering Support for New EPA Guidelines to Reduce Carbon Emissions From Power Plants, source:Yahoo, summary: BALTIMORE, August 07, 2023--Constellation (Nasdaq: CEG), the nation’s largest producer of carbon-free energy and the third largest energy producer overall, will file comments with the U.S. Environmental Protection Agency (EPA) tomorrow offering strong support for the agency’s recently proposed guidelines for reducing carbon emissions from fossil power plants. In the comments, Constellation offers suggestions to further improve the guidelines and presents a contrary view to major electric produce, Headline: Mizuho Maintains Constellation Energy (CEG) Neutral Recommendation, source:Fintel, summary: nan",CEG
136,2023-08-08,"Headline: Constellation Energy CEO supports EPA proposals to cut power plant emissions, source:Seeking Alpha, summary: No summary",CEG
137,2023-08-09,"Headline: Ex-Dividend Reminder: Constellation Energy Corp, WEC Energy Group and Chemed Corp, source:Dividend Channel, summary: No summary",CEG
138,2023-08-10,"Headline: Price Over Earnings Overview: Constellation Energy, source:Benzinga, summary: No summary, Headline: Noteworthy Thursday Option Activity: CEG, KMX, DNUT, source:Stock Options Channel, summary: No summary, Headline: Nasdaq Suffers Second Straight Week of Losses, Breaks Key Support Level As Tech Bears Return: Is This Time Different?, source:Benzinga, summary: No summary",CEG
139,2023-08-12,"Headline: RBC Capital Sticks to Its Hold Rating for Constellation Energy Corporation (CEG), source:TipRanks, summary: No summary",CEG
140,2023-08-14,"Headline: Corvex Management adds Catalent, exits California Resources, source:Seeking Alpha, summary: No summary, Headline: David Tepper's Q2 2023 13F Filing Update: Top Trades and Portfolio Overview, source:GuruFocus, summary: No summary, Headline: Joel Greenblatt's Q2 2023 13F Filing Update: Key Transactions and Portfolio Overview, source:GuruFocus, summary: No summary, Headline: David Tepper's Firm Plunges Deeper into Nvidia, Alibaba in 2nd Quarter, source:GuruFocus, summary: No summary, Headline: Top 3 Utilities Stocks That May Plunge This Quarter, source:Benzinga, summary: No summary, Headline: UK shareholder meetings calendar - next 7 days, source:Alliance News, summary: No summary, Headline: Chart Of The Day: Constellation Energy - Clean Energy, source:TalkMarkets, summary: No summary, Headline: Donald Smith & Co's Q2 2023 Portfolio Update: Key Trades and Holdings, source:GuruFocus, summary: No summary",CEG
141,2023-08-16,"Headline: Jim Cramer Says This EV Infrastructure Stock Is Losing Too Much Money: 'I Do Not Want To Touch It', source:Benzinga, summary: No summary",CEG
142,2023-08-17,"Headline: RSPU: Utilities Dashboard For August, source:Seeking Alpha, summary: No summary, Headline: Owl Creek Asset Management, L.P. Reduces Stake in 26 Capital Acquisition Corp, source:GuruFocus, summary: No summary",CEG
143,2023-08-21,"Headline: Owl Creek Asset Management, L.P. Reduces Stake in Perception Capital Corp II, source:GuruFocus, summary: No summary, Headline: Peering Into Constellation Energy's Recent Short Interest, source:Benzinga, summary: No summary",CEG
144,2023-08-22,"Headline: David Tepper Piles Into Tech Companies, Cuts Back Constellation Energy, source:GuruFocus, summary: No summary",CEG
145,2023-08-23,"Headline: Owl Creek Asset Management, L.P. Reduces Stake in 26 Capital Acquisition Corp, source:GuruFocus, summary: No summary, Headline: Expert Ratings for Constellation Energy, source:Benzinga, summary: No summary, Headline: Two U.S. grids at risk for blackouts in latest heat wave, source:Seeking Alpha, summary: No summary",CEG
146,2023-08-24,"Headline: Morgan Stanley Maintains Constellation Energy (CEG) Overweight Recommendation, source:Fintel, summary: nan",CEG
147,2023-08-29,"Headline: Cerro Grande Mining Corporation Announces its Third Fiscal Quarter ended June 30, 2023 results compared to the same period in 2022, source:GlobeNewswire, summary: No summary, Headline: Cerro Grande: Fiscal Q3 Earnings Snapshot, source:Associated Press, The, summary: No summary",CEG
148,2023-08-30,"Headline: AIM WINNERS & LOSERS: Instem soars on GBP200 million takeover, source:Alliance News, summary: No summary, Headline: Challenger Energy gets GBP3.3 million facility, updates on asset sale, source:Alliance News, summary: No summary, Headline: Predator Oil & Gas ""active on three fronts"" as updates on operations, source:Alliance News, summary: No summary, Headline: Constellation Earns 2023 Great Place to Work Certification, source:Yahoo, summary: BALTIMORE, August 30, 2023--Constellation announced today it has been Certified™ by Great Place To Work®.",CEG
149,2023-09-01,"Headline: S&P 500 Futures Climb in Premarket Trading; Nutanix, Elastic Lead, source:MarketWatch, summary: With U.S. stock markets set to open in two hours, (NTNX) was up 19.8% in pre-market trading, and (ESTC) was up 15.9%. (DELL), (MDB), and (CEG) were all...",CEG
